{"CRIM": 3.643085099009904, "ZN": 11.48019801980198, "INDUS": 11.152202970297004, "CHAS": 0.07920792079207921, "RM": 6.287242574257423, "RAD": 9.339108910891088, "PTRATIO": 18.385396039603908, "B": 357.56809405940515, "LSTAT": 12.741509900990101}